               epoch,      train/box_loss,      train/obj_loss,      train/cls_loss,   metrics/precision,      metrics/recall,     metrics/mAP_0.5,metrics/mAP_0.5:0.95,        val/box_loss,        val/obj_loss,        val/cls_loss,               x/lr0,               x/lr1,               x/lr2
                   0,             0.12592,            0.024473,                   0,          0.00083333,            0.054054,          0.00046958,          4.6958e-05,             0.12114,            0.028556,                   0,              0.0937,              0.0007,              0.0007
                   1,             0.11974,            0.024386,                   0,           0.0016667,             0.10811,          0.00093616,          0.00013792,             0.11453,            0.030181,                   0,            0.086495,            0.001495,            0.001495
                   2,             0.11071,            0.024211,                   0,             0.00125,            0.081081,          0.00074079,          0.00019233,              0.1129,            0.029388,                   0,            0.079285,           0.0022848,           0.0022848
                   3,             0.10374,            0.024116,                   0,           0.0033333,             0.21622,           0.0022226,          0.00053947,             0.10213,            0.033026,                   0,            0.072069,           0.0030693,           0.0030693
                   4,            0.093988,            0.024143,                   0,           0.0060231,             0.24324,            0.014566,            0.002776,            0.091339,            0.034347,                   0,            0.064849,           0.0038485,           0.0038485
                   5,            0.086999,            0.025075,                   0,             0.01716,             0.45946,            0.047755,           0.0080243,            0.092804,            0.029969,                   0,            0.057622,           0.0046225,           0.0046225
                   6,            0.084887,            0.021123,                   0,            0.027936,             0.83784,            0.045913,             0.01023,            0.089324,            0.028988,                   0,            0.050391,           0.0053911,           0.0053911
                   7,             0.08077,            0.020272,                   0,            0.035411,             0.75676,             0.13487,            0.034869,            0.085619,            0.030634,                   0,            0.043154,           0.0061545,           0.0061545
                   8,            0.081955,            0.019636,                   0,             0.16773,             0.64865,             0.35696,            0.079838,            0.077144,            0.029141,                   0,            0.035913,           0.0069126,           0.0069126
                   9,            0.074189,            0.019641,                   0,             0.53544,             0.48649,             0.50211,              0.1568,            0.068234,            0.027682,                   0,            0.028665,           0.0076654,           0.0076654
                  10,            0.074794,            0.020895,                   0,             0.45055,              0.2973,             0.45672,             0.15813,            0.077215,            0.023921,                   0,            0.021413,           0.0084129,           0.0084129
                  11,            0.074975,            0.017759,                   0,              0.4718,             0.48649,             0.48698,             0.22473,            0.074382,            0.024788,                   0,            0.014155,           0.0091552,           0.0091552
                  12,            0.076327,            0.017162,                   0,             0.42341,             0.48649,             0.34536,             0.09208,            0.069411,            0.025445,                   0,            0.009604,            0.009604,            0.009604
                  13,            0.073859,            0.016955,                   0,             0.48201,             0.51351,             0.53835,             0.17298,            0.067074,             0.02447,                   0,            0.009604,            0.009604,            0.009604
                  14,            0.070415,            0.019197,                   0,             0.47258,             0.59459,             0.47744,             0.15065,              0.0711,             0.02446,                   0,            0.009571,            0.009571,            0.009571
                  15,            0.068501,            0.017892,                   0,              0.3583,             0.43772,             0.33899,             0.10763,            0.069221,            0.023294,                   0,            0.009538,            0.009538,            0.009538
                  16,            0.067197,             0.01605,                   0,             0.49911,             0.51351,             0.49557,             0.16498,            0.063471,            0.023392,                   0,            0.009505,            0.009505,            0.009505
                  17,            0.062227,             0.01414,                   0,             0.61962,             0.52852,             0.60717,              0.2339,            0.069795,            0.021511,                   0,            0.009472,            0.009472,            0.009472
                  18,            0.068108,            0.014224,                   0,             0.61277,             0.62162,             0.60395,             0.23327,            0.063329,            0.022093,                   0,            0.009439,            0.009439,            0.009439
                  19,            0.065983,            0.015312,                   0,             0.67429,             0.75676,             0.65722,             0.24359,            0.059654,             0.02247,                   0,            0.009406,            0.009406,            0.009406
                  20,            0.061825,             0.01302,                   0,             0.80429,             0.77763,              0.8145,             0.29697,            0.056358,            0.023157,                   0,            0.009373,            0.009373,            0.009373
                  21,            0.060645,            0.014078,                   0,             0.52151,             0.73652,             0.58718,             0.19806,            0.062968,            0.022393,                   0,             0.00934,             0.00934,             0.00934
                  22,            0.060449,            0.014955,                   0,             0.75181,             0.72973,             0.76471,             0.31951,            0.059158,            0.022841,                   0,            0.009307,            0.009307,            0.009307
                  23,              0.0575,            0.013253,                   0,              0.5793,             0.70719,             0.65159,              0.1898,            0.058046,            0.022053,                   0,            0.009274,            0.009274,            0.009274
                  24,            0.058944,            0.014365,                   0,             0.52186,             0.86486,             0.64199,             0.18149,            0.060711,            0.024118,                   0,            0.009241,            0.009241,            0.009241
                  25,            0.061742,            0.012436,                   0,              0.7493,             0.72973,             0.79314,             0.32004,            0.052811,            0.021386,                   0,            0.009208,            0.009208,            0.009208
                  26,            0.055398,            0.013306,                   0,             0.70798,             0.78378,             0.75224,             0.31098,            0.054572,            0.020988,                   0,            0.009175,            0.009175,            0.009175
                  27,            0.057076,            0.012711,                   0,              0.6294,              0.7027,             0.73562,             0.26093,            0.053822,            0.021177,                   0,            0.009142,            0.009142,            0.009142
                  28,            0.054652,            0.013551,                   0,             0.85583,              0.7027,              0.8595,             0.33221,             0.05333,             0.02034,                   0,            0.009109,            0.009109,            0.009109
                  29,            0.056227,            0.014929,                   0,             0.88213,             0.80916,             0.82935,             0.35569,            0.050799,            0.020426,                   0,            0.009076,            0.009076,            0.009076
                  30,             0.05312,            0.012523,                   0,             0.72324,             0.78378,             0.76086,             0.29014,            0.054638,            0.020963,                   0,            0.009043,            0.009043,            0.009043
                  31,            0.053278,            0.012376,                   0,             0.80482,             0.78021,             0.85102,             0.38049,            0.049911,            0.020054,                   0,             0.00901,             0.00901,             0.00901
                  32,            0.052501,            0.012644,                   0,             0.76288,              0.7027,             0.70087,             0.23149,            0.052645,            0.020638,                   0,            0.008977,            0.008977,            0.008977
                  33,              0.0512,            0.011602,                   0,             0.79108,             0.75676,              0.7839,             0.28933,             0.05376,            0.019112,                   0,            0.008944,            0.008944,            0.008944
                  34,            0.052243,            0.012297,                   0,             0.83171,             0.80159,             0.87646,             0.36753,             0.05072,            0.019753,                   0,            0.008911,            0.008911,            0.008911
                  35,            0.052084,            0.011873,                   0,             0.86306,             0.85184,              0.8446,             0.36582,            0.047224,            0.019069,                   0,            0.008878,            0.008878,            0.008878
                  36,            0.051791,            0.011116,                   0,             0.82887,             0.89189,              0.8961,             0.36647,             0.04768,            0.019631,                   0,            0.008845,            0.008845,            0.008845
                  37,            0.051976,            0.012238,                   0,             0.81245,             0.86486,             0.83986,             0.35743,            0.048974,            0.019259,                   0,            0.008812,            0.008812,            0.008812
                  38,            0.049348,            0.011115,                   0,             0.79578,             0.91892,             0.87875,             0.36231,            0.049059,            0.019069,                   0,            0.008779,            0.008779,            0.008779
                  39,            0.050968,            0.012525,                   0,              0.8084,             0.83784,             0.87454,              0.3627,            0.047041,            0.019711,                   0,            0.008746,            0.008746,            0.008746
                  40,            0.049325,            0.012131,                   0,             0.77381,             0.78378,             0.79235,             0.34351,             0.04839,            0.020061,                   0,            0.008713,            0.008713,            0.008713
                  41,            0.049792,            0.012946,                   0,             0.82203,             0.83784,             0.86313,               0.313,            0.047681,            0.020459,                   0,             0.00868,             0.00868,             0.00868
                  42,            0.050894,            0.011472,                   0,              0.8922,             0.89481,             0.93009,              0.4179,            0.043494,            0.019559,                   0,            0.008647,            0.008647,            0.008647
                  43,             0.04879,            0.013466,                   0,             0.88853,             0.94595,             0.94174,             0.37449,            0.044591,            0.019341,                   0,            0.008614,            0.008614,            0.008614
                  44,            0.046317,            0.011322,                   0,             0.86511,             0.89189,             0.89166,             0.38458,            0.046527,            0.019534,                   0,            0.008581,            0.008581,            0.008581
                  45,            0.046894,            0.011804,                   0,             0.80343,             0.78378,             0.85218,             0.36413,            0.047712,            0.019488,                   0,            0.008548,            0.008548,            0.008548
                  46,            0.048828,            0.011994,                   0,             0.91159,             0.86486,             0.94203,             0.36354,            0.045434,            0.019658,                   0,            0.008515,            0.008515,            0.008515
                  47,            0.046271,            0.012599,                   0,             0.90906,             0.81081,             0.89472,             0.39662,            0.044694,            0.019328,                   0,            0.008482,            0.008482,            0.008482
                  48,            0.045679,            0.011411,                   0,             0.82798,             0.94595,             0.91799,             0.36641,            0.046141,             0.01907,                   0,            0.008449,            0.008449,            0.008449
                  49,            0.047571,             0.01204,                   0,             0.84321,             0.91892,             0.90351,             0.39085,            0.044643,            0.018836,                   0,            0.008416,            0.008416,            0.008416
                  50,            0.045609,            0.011295,                   0,             0.96515,              0.7488,             0.89148,             0.37393,            0.045818,             0.01887,                   0,            0.008383,            0.008383,            0.008383
                  51,            0.047285,            0.012784,                   0,             0.94313,             0.75676,             0.91593,             0.39857,            0.044518,            0.019086,                   0,             0.00835,             0.00835,             0.00835
                  52,            0.046606,            0.011877,                   0,             0.86157,             0.84114,             0.92503,              0.3826,            0.043728,             0.01896,                   0,            0.008317,            0.008317,            0.008317
                  53,            0.045335,            0.011515,                   0,             0.96734,             0.80062,             0.92108,             0.38605,            0.044741,            0.018409,                   0,            0.008284,            0.008284,            0.008284
                  54,             0.04607,            0.011632,                   0,             0.88293,             0.81081,             0.91202,             0.40823,            0.044803,            0.018394,                   0,            0.008251,            0.008251,            0.008251
                  55,            0.046715,            0.010547,                   0,             0.76354,             0.87286,             0.88308,             0.42915,            0.044341,            0.018299,                   0,            0.008218,            0.008218,            0.008218
                  56,            0.043727,            0.011016,                   0,             0.90993,             0.81929,             0.92808,             0.41183,            0.046376,            0.018315,                   0,            0.008185,            0.008185,            0.008185
                  57,            0.043808,            0.011142,                   0,             0.91502,             0.87321,             0.95632,             0.39983,            0.045807,            0.018351,                   0,            0.008152,            0.008152,            0.008152
                  58,            0.044107,            0.011514,                   0,             0.86765,             0.91892,             0.94091,             0.40607,            0.046408,            0.018575,                   0,            0.008119,            0.008119,            0.008119
                  59,            0.043043,            0.013175,                   0,             0.93697,             0.94595,             0.96226,             0.41976,            0.043301,            0.018339,                   0,            0.008086,            0.008086,            0.008086
                  60,             0.04454,            0.010524,                   0,             0.88252,             0.91892,             0.93403,             0.44043,            0.043524,            0.018356,                   0,            0.008053,            0.008053,            0.008053
                  61,            0.044304,             0.01032,                   0,             0.88176,             0.94595,             0.94943,             0.41357,            0.044108,            0.018638,                   0,             0.00802,             0.00802,             0.00802
                  62,               0.044,            0.011455,                   0,             0.91264,             0.84726,             0.94574,             0.40107,            0.045251,            0.018754,                   0,            0.007987,            0.007987,            0.007987
                  63,            0.044122,            0.010893,                   0,             0.84913,             0.91892,             0.93648,             0.39847,            0.045814,            0.019044,                   0,            0.007954,            0.007954,            0.007954
                  64,            0.042452,            0.010308,                   0,             0.82481,              0.7636,             0.84419,             0.38356,            0.048879,            0.018893,                   0,            0.007921,            0.007921,            0.007921
                  65,            0.042393,            0.011056,                   0,             0.87868,             0.86486,             0.92489,               0.419,            0.044701,            0.018511,                   0,            0.007888,            0.007888,            0.007888
                  66,            0.040011,            0.012484,                   0,             0.86286,             0.94595,             0.95223,             0.42997,            0.043522,            0.018279,                   0,            0.007855,            0.007855,            0.007855
                  67,            0.042092,            0.011976,                   0,             0.84099,             0.91892,             0.94211,             0.42731,            0.042538,            0.018186,                   0,            0.007822,            0.007822,            0.007822
                  68,            0.042686,           0.0096168,                   0,             0.88993,             0.94595,             0.95493,             0.43007,            0.041905,             0.01822,                   0,            0.007789,            0.007789,            0.007789
                  69,              0.0406,            0.012264,                   0,             0.85669,             0.86486,             0.93402,              0.3954,              0.0436,             0.01866,                   0,            0.007756,            0.007756,            0.007756
                  70,            0.041933,            0.011516,                   0,             0.87883,             0.86486,             0.93687,             0.42877,            0.041637,            0.018834,                   0,            0.007723,            0.007723,            0.007723
                  71,             0.04166,            0.010543,                   0,             0.81808,             0.85093,             0.90431,             0.39676,            0.042791,            0.018833,                   0,             0.00769,             0.00769,             0.00769
                  72,            0.042623,            0.010966,                   0,             0.84422,             0.87897,             0.91681,             0.42177,            0.041989,            0.019419,                   0,            0.007657,            0.007657,            0.007657
                  73,            0.040497,           0.0096329,                   0,             0.85122,              0.9279,             0.93663,             0.43952,            0.041654,            0.018871,                   0,            0.007624,            0.007624,            0.007624
                  74,            0.040781,            0.010844,                   0,             0.89432,             0.91496,              0.9285,             0.43956,            0.041025,            0.018911,                   0,            0.007591,            0.007591,            0.007591
                  75,            0.041178,            0.010482,                   0,             0.87523,             0.83784,             0.91197,             0.41599,            0.040544,            0.018977,                   0,            0.007558,            0.007558,            0.007558
                  76,            0.038145,           0.0099155,                   0,             0.88592,             0.91892,             0.93477,             0.46279,            0.041741,            0.019034,                   0,            0.007525,            0.007525,            0.007525
                  77,            0.040432,            0.011038,                   0,             0.91635,             0.91892,             0.93361,             0.42548,            0.042143,            0.018353,                   0,            0.007492,            0.007492,            0.007492
                  78,              0.0413,            0.012309,                   0,             0.81936,             0.91892,             0.92561,             0.43488,            0.040697,             0.01796,                   0,            0.007459,            0.007459,            0.007459
                  79,            0.038565,            0.010814,                   0,             0.91531,             0.94595,             0.96256,             0.43938,            0.040143,            0.017834,                   0,            0.007426,            0.007426,            0.007426
                  80,            0.037782,           0.0097684,                   0,             0.93512,             0.94595,             0.95059,             0.44697,            0.041997,            0.018522,                   0,            0.007393,            0.007393,            0.007393
                  81,            0.037346,            0.010626,                   0,              0.8716,             0.94595,             0.94696,             0.46253,            0.041221,            0.018876,                   0,             0.00736,             0.00736,             0.00736
                  82,            0.038434,            0.011233,                   0,             0.89181,             0.89189,             0.92795,             0.43371,            0.041177,            0.018157,                   0,            0.007327,            0.007327,            0.007327
                  83,            0.039117,            0.010418,                   0,             0.90671,             0.89189,              0.9262,             0.41913,            0.040922,            0.018445,                   0,            0.007294,            0.007294,            0.007294
                  84,            0.034761,            0.010244,                   0,              0.8564,             0.83784,              0.9181,             0.39185,            0.043174,            0.018949,                   0,            0.007261,            0.007261,            0.007261
                  85,            0.037544,           0.0094082,                   0,             0.91507,             0.87378,             0.91645,              0.3959,            0.043756,            0.019249,                   0,            0.007228,            0.007228,            0.007228
                  86,            0.039571,           0.0098452,                   0,             0.95877,             0.91892,             0.94127,             0.38778,            0.043814,            0.019519,                   0,            0.007195,            0.007195,            0.007195
                  87,            0.037825,            0.009422,                   0,               0.821,             0.81081,             0.82296,              0.3898,            0.045665,             0.01916,                   0,            0.007162,            0.007162,            0.007162
                  88,            0.038034,           0.0095819,                   0,             0.88085,             0.86486,             0.89337,             0.40395,            0.045517,            0.019675,                   0,            0.007129,            0.007129,            0.007129
                  89,            0.036561,           0.0091059,                   0,             0.86583,             0.87224,             0.89075,              0.3954,            0.043292,            0.020878,                   0,            0.007096,            0.007096,            0.007096
                  90,            0.038408,           0.0088621,                   0,             0.86446,             0.91892,             0.90569,             0.41163,             0.04138,             0.02079,                   0,            0.007063,            0.007063,            0.007063
                  91,            0.039281,           0.0098668,                   0,             0.82576,             0.89189,             0.89618,             0.39959,            0.041309,             0.02037,                   0,             0.00703,             0.00703,             0.00703
                  92,             0.03376,           0.0093737,                   0,              0.8316,             0.89189,             0.91394,             0.41403,            0.040884,            0.019624,                   0,            0.006997,            0.006997,            0.006997
                  93,            0.037328,            0.010594,                   0,              0.8606,             0.89189,              0.9203,             0.41163,            0.040608,            0.019306,                   0,            0.006964,            0.006964,            0.006964
                  94,            0.037596,            0.011188,                   0,             0.91124,             0.83253,             0.93382,             0.40214,            0.040165,            0.019269,                   0,            0.006931,            0.006931,            0.006931
                  95,             0.03752,            0.010136,                   0,             0.91288,             0.84982,             0.92898,             0.42411,            0.039703,            0.018672,                   0,            0.006898,            0.006898,            0.006898
                  96,            0.037465,            0.008432,                   0,             0.96438,             0.86486,             0.96086,             0.43381,            0.039364,            0.018652,                   0,            0.006865,            0.006865,            0.006865
                  97,            0.037103,            0.010617,                   0,             0.87747,             0.97297,              0.9661,             0.41242,            0.038276,            0.018602,                   0,            0.006832,            0.006832,            0.006832
                  98,            0.034307,            0.010152,                   0,             0.88894,             0.89189,             0.92779,             0.41012,            0.040515,            0.018837,                   0,            0.006799,            0.006799,            0.006799
                  99,            0.033642,            0.010836,                   0,             0.88395,             0.86486,             0.90518,             0.42014,            0.040419,            0.019176,                   0,            0.006766,            0.006766,            0.006766
                 100,            0.036908,           0.0084022,                   0,             0.84708,             0.89189,             0.92088,             0.39992,              0.0411,            0.019997,                   0,            0.006733,            0.006733,            0.006733
                 101,            0.035542,           0.0088922,                   0,             0.97813,             0.81081,             0.90989,             0.42991,            0.039612,            0.020166,                   0,              0.0067,              0.0067,              0.0067
                 102,            0.034966,           0.0087211,                   0,             0.88785,             0.91892,             0.93505,             0.42657,            0.038959,            0.020077,                   0,            0.006667,            0.006667,            0.006667
                 103,            0.034344,             0.01146,                   0,             0.92079,             0.94267,             0.92607,             0.43355,            0.039985,            0.019692,                   0,            0.006634,            0.006634,            0.006634
                 104,            0.038329,            0.010996,                   0,             0.91491,             0.94595,             0.93783,             0.45674,             0.03953,            0.019462,                   0,            0.006601,            0.006601,            0.006601
                 105,            0.035634,            0.010703,                   0,             0.89124,             0.91892,             0.92667,             0.43454,             0.04112,            0.019391,                   0,            0.006568,            0.006568,            0.006568
                 106,            0.036447,           0.0097318,                   0,             0.88812,             0.91892,             0.92525,             0.43174,            0.042539,             0.01901,                   0,            0.006535,            0.006535,            0.006535
                 107,            0.035277,           0.0097294,                   0,             0.82044,             0.86446,             0.87612,             0.43575,            0.042744,            0.019155,                   0,            0.006502,            0.006502,            0.006502
                 108,            0.035513,           0.0099235,                   0,             0.83724,             0.83427,             0.87016,             0.43122,             0.04314,            0.019202,                   0,            0.006469,            0.006469,            0.006469
                 109,             0.03548,           0.0094497,                   0,             0.77946,             0.78378,             0.83935,             0.39965,            0.043926,             0.02031,                   0,            0.006436,            0.006436,            0.006436
                 110,            0.033117,            0.011084,                   0,             0.88499,             0.83784,             0.86711,             0.41548,            0.043157,            0.019907,                   0,            0.006403,            0.006403,            0.006403
                 111,            0.032924,           0.0097174,                   0,             0.82519,             0.83784,             0.87052,             0.40206,            0.044475,             0.02021,                   0,             0.00637,             0.00637,             0.00637
                 112,            0.032406,           0.0086417,                   0,             0.88631,             0.91892,             0.90358,             0.40758,            0.042832,            0.019878,                   0,            0.006337,            0.006337,            0.006337
                 113,            0.033775,           0.0097447,                   0,              0.7944,             0.86486,             0.87757,             0.42349,            0.042198,            0.020107,                   0,            0.006304,            0.006304,            0.006304
                 114,            0.034156,           0.0091601,                   0,             0.81691,             0.86486,             0.87496,             0.43277,            0.040137,            0.020067,                   0,            0.006271,            0.006271,            0.006271
                 115,            0.033898,           0.0094924,                   0,              0.8792,             0.94595,             0.92727,             0.46807,            0.039488,            0.020253,                   0,            0.006238,            0.006238,            0.006238
                 116,            0.031639,           0.0095574,                   0,             0.89087,             0.94595,             0.92808,             0.48012,            0.038887,            0.019934,                   0,            0.006205,            0.006205,            0.006205
                 117,            0.033719,           0.0091955,                   0,             0.89054,             0.94595,             0.92949,             0.46427,            0.038345,            0.019825,                   0,            0.006172,            0.006172,            0.006172
                 118,            0.033484,           0.0091525,                   0,             0.90014,             0.81081,             0.90184,             0.44997,            0.040519,            0.020014,                   0,            0.006139,            0.006139,            0.006139
                 119,            0.031745,           0.0097268,                   0,              0.8611,             0.83775,             0.90528,             0.45214,            0.040349,            0.020129,                   0,            0.006106,            0.006106,            0.006106
                 120,            0.030923,           0.0095488,                   0,              0.8264,             0.90073,             0.91723,             0.42524,            0.041168,            0.020169,                   0,            0.006073,            0.006073,            0.006073
                 121,            0.032141,           0.0095592,                   0,             0.88446,             0.86486,             0.90383,             0.41905,            0.040614,            0.021003,                   0,             0.00604,             0.00604,             0.00604
                 122,            0.031573,           0.0090613,                   0,             0.89125,             0.88616,             0.90335,             0.42737,            0.039802,            0.021154,                   0,            0.006007,            0.006007,            0.006007
                 123,            0.032279,           0.0092575,                   0,             0.89242,              0.8969,             0.91805,             0.41197,             0.04069,            0.021091,                   0,            0.005974,            0.005974,            0.005974
                 124,            0.031987,           0.0098373,                   0,             0.89155,             0.91892,             0.92978,             0.39509,            0.041436,            0.020946,                   0,            0.005941,            0.005941,            0.005941
                 125,            0.029598,           0.0099347,                   0,              0.8675,             0.91892,             0.91726,             0.39667,            0.041645,            0.021214,                   0,            0.005908,            0.005908,            0.005908
                 126,            0.031448,           0.0086289,                   0,             0.89524,             0.89189,             0.93158,             0.41458,            0.041871,            0.021142,                   0,            0.005875,            0.005875,            0.005875
                 127,            0.032946,           0.0091936,                   0,             0.89214,             0.89422,             0.91784,             0.41489,            0.040948,            0.021422,                   0,            0.005842,            0.005842,            0.005842
                 128,            0.031811,           0.0096294,                   0,             0.91261,             0.86486,             0.91336,             0.41417,            0.041408,             0.02116,                   0,            0.005809,            0.005809,            0.005809
                 129,            0.029554,           0.0097163,                   0,             0.86793,             0.88813,             0.91239,              0.4093,            0.041234,            0.020574,                   0,            0.005776,            0.005776,            0.005776
                 130,            0.030169,           0.0087701,                   0,             0.88972,             0.91892,             0.93078,             0.40565,            0.040766,            0.020506,                   0,            0.005743,            0.005743,            0.005743
                 131,            0.032108,           0.0090437,                   0,             0.90809,             0.89189,             0.92877,             0.39444,            0.040465,            0.020554,                   0,             0.00571,             0.00571,             0.00571
                 132,            0.031896,           0.0089213,                   0,             0.89035,             0.87803,             0.91239,             0.38517,            0.040657,            0.021167,                   0,            0.005677,            0.005677,            0.005677
                 133,            0.030082,           0.0093925,                   0,             0.92282,             0.78378,             0.88555,              0.3927,            0.040809,            0.021489,                   0,            0.005644,            0.005644,            0.005644
                 134,            0.031265,           0.0091788,                   0,             0.91132,             0.83331,             0.90145,             0.39401,             0.04071,            0.020764,                   0,            0.005611,            0.005611,            0.005611
                 135,            0.030303,           0.0095621,                   0,             0.88594,             0.83973,             0.90935,             0.40019,            0.040244,            0.020679,                   0,            0.005578,            0.005578,            0.005578
                 136,            0.030842,           0.0094354,                   0,             0.88236,             0.81086,             0.87369,             0.38843,            0.042253,            0.021336,                   0,            0.005545,            0.005545,            0.005545
                 137,             0.03269,           0.0088298,                   0,             0.85049,             0.81081,             0.84604,             0.40744,            0.042565,            0.022096,                   0,            0.005512,            0.005512,            0.005512
                 138,            0.029499,           0.0084519,                   0,             0.88177,              0.8064,              0.8561,             0.41326,            0.042229,            0.022362,                   0,            0.005479,            0.005479,            0.005479
                 139,            0.032123,           0.0093262,                   0,             0.94098,              0.8619,             0.90175,             0.43523,            0.042265,            0.021834,                   0,            0.005446,            0.005446,            0.005446
                 140,            0.031326,            0.009418,                   0,             0.87594,             0.76343,             0.83439,              0.4331,             0.04295,             0.02106,                   0,            0.005413,            0.005413,            0.005413
                 141,            0.028643,           0.0095633,                   0,              0.9098,             0.86486,             0.89224,             0.44382,            0.041838,            0.020948,                   0,             0.00538,             0.00538,             0.00538
                 142,            0.030832,           0.0077511,                   0,             0.85623,             0.78378,             0.85253,             0.41865,            0.043144,            0.021109,                   0,            0.005347,            0.005347,            0.005347
                 143,            0.029301,           0.0087016,                   0,              0.9163,             0.88777,             0.90232,             0.43785,            0.042369,            0.021154,                   0,            0.005314,            0.005314,            0.005314
                 144,            0.027031,           0.0093105,                   0,             0.90848,             0.89189,             0.91153,             0.44415,            0.041654,            0.021014,                   0,            0.005281,            0.005281,            0.005281
                 145,            0.027646,           0.0083568,                   0,             0.90739,             0.81081,              0.8761,             0.43461,            0.043434,            0.021094,                   0,            0.005248,            0.005248,            0.005248
                 146,              0.0288,           0.0090877,                   0,             0.91135,             0.83364,              0.8802,             0.46305,            0.041097,            0.021033,                   0,            0.005215,            0.005215,            0.005215
                 147,            0.030366,           0.0087581,                   0,             0.90695,             0.83784,             0.89021,             0.44372,            0.040821,            0.021216,                   0,            0.005182,            0.005182,            0.005182
                 148,            0.029574,           0.0092192,                   0,             0.88456,             0.86486,             0.86938,             0.42781,            0.042218,            0.021545,                   0,            0.005149,            0.005149,            0.005149
                 149,            0.027996,           0.0093722,                   0,              0.8872,             0.85047,             0.89026,             0.41561,             0.04212,            0.022014,                   0,            0.005116,            0.005116,            0.005116
                 150,            0.029299,           0.0079573,                   0,              0.8881,             0.85817,             0.88563,             0.41642,            0.041993,            0.021782,                   0,            0.005083,            0.005083,            0.005083
                 151,            0.028137,            0.008745,                   0,             0.88771,             0.85482,             0.88342,             0.43231,            0.041856,            0.021546,                   0,             0.00505,             0.00505,             0.00505
                 152,            0.028718,           0.0079253,                   0,             0.87735,             0.86486,             0.88402,             0.42228,            0.041711,            0.021631,                   0,            0.005017,            0.005017,            0.005017
                 153,            0.028734,            0.008911,                   0,              0.8808,             0.83784,             0.85684,             0.42172,            0.041976,            0.021948,                   0,            0.004984,            0.004984,            0.004984
                 154,            0.028932,           0.0091217,                   0,             0.91144,             0.83456,             0.85516,             0.40814,            0.042093,            0.021895,                   0,            0.004951,            0.004951,            0.004951
                 155,            0.026894,           0.0076654,                   0,             0.90381,             0.81081,             0.86237,             0.41629,            0.042362,            0.022119,                   0,            0.004918,            0.004918,            0.004918
                 156,            0.029896,           0.0077626,                   0,             0.90316,             0.81081,             0.85363,             0.42616,            0.042041,            0.022759,                   0,            0.004885,            0.004885,            0.004885
                 157,            0.027277,           0.0082268,                   0,             0.90796,             0.80005,             0.86538,             0.42796,            0.042318,            0.022076,                   0,            0.004852,            0.004852,            0.004852
                 158,            0.027211,             0.00891,                   0,             0.81119,             0.83784,             0.87769,              0.4083,            0.042336,            0.022024,                   0,            0.004819,            0.004819,            0.004819
                 159,            0.027396,           0.0079426,                   0,             0.93126,             0.73234,             0.85876,             0.42669,            0.042317,            0.022026,                   0,            0.004786,            0.004786,            0.004786
                 160,            0.026671,           0.0085021,                   0,             0.86359,             0.85566,             0.87217,             0.42748,            0.041709,             0.02202,                   0,            0.004753,            0.004753,            0.004753
                 161,            0.027115,           0.0080667,                   0,             0.86344,             0.86486,             0.89369,             0.42371,            0.042141,            0.021768,                   0,             0.00472,             0.00472,             0.00472
                 162,            0.028106,           0.0076526,                   0,             0.88504,             0.83243,             0.87777,             0.43041,            0.041398,            0.021928,                   0,            0.004687,            0.004687,            0.004687
                 163,            0.026584,           0.0088455,                   0,             0.88756,             0.85356,             0.87837,             0.41503,            0.041788,            0.021718,                   0,            0.004654,            0.004654,            0.004654
                 164,            0.025945,           0.0088088,                   0,             0.88435,             0.83784,             0.88638,             0.42225,             0.04215,            0.021408,                   0,            0.004621,            0.004621,            0.004621
                 165,             0.02774,           0.0083073,                   0,             0.88408,             0.82472,             0.88586,             0.40424,            0.042493,            0.021441,                   0,            0.004588,            0.004588,            0.004588
                 166,            0.027022,           0.0078374,                   0,             0.88517,              0.8335,             0.88946,             0.40489,            0.041765,            0.021167,                   0,            0.004555,            0.004555,            0.004555
                 167,            0.026457,           0.0080547,                   0,             0.86099,             0.83784,             0.87329,             0.41061,            0.041616,            0.021184,                   0,            0.004522,            0.004522,            0.004522
                 168,            0.026395,           0.0083069,                   0,             0.85697,             0.83784,             0.89355,             0.40032,            0.041985,             0.02113,                   0,            0.004489,            0.004489,            0.004489
                 169,             0.02792,           0.0085412,                   0,              0.8142,              0.8292,             0.86843,             0.41994,             0.04182,            0.020991,                   0,            0.004456,            0.004456,            0.004456
                 170,             0.02745,           0.0078552,                   0,              0.8496,             0.75676,             0.86263,             0.42534,            0.042382,            0.021333,                   0,            0.004423,            0.004423,            0.004423
                 171,            0.025073,           0.0087332,                   0,             0.80962,             0.80469,             0.84887,             0.41225,            0.042575,            0.021539,                   0,             0.00439,             0.00439,             0.00439
                 172,            0.028241,           0.0080468,                   0,             0.85348,             0.83784,             0.87468,             0.42541,            0.042589,            0.021628,                   0,            0.004357,            0.004357,            0.004357
                 173,            0.024837,           0.0074759,                   0,             0.84758,             0.83784,             0.87903,              0.4168,            0.042281,            0.021183,                   0,            0.004324,            0.004324,            0.004324
                 174,            0.025247,           0.0082965,                   0,              0.8662,             0.89189,             0.91494,             0.42678,            0.041562,             0.02142,                   0,            0.004291,            0.004291,            0.004291
                 175,            0.024816,           0.0085278,                   0,             0.83754,             0.86486,             0.90552,             0.42813,            0.041389,            0.021442,                   0,            0.004258,            0.004258,            0.004258
                 176,            0.024218,           0.0077251,                   0,             0.81246,             0.83784,             0.87908,             0.40126,            0.042033,            0.021598,                   0,            0.004225,            0.004225,            0.004225
                 177,            0.025334,           0.0078061,                   0,             0.85199,             0.81081,             0.88223,             0.40291,            0.041975,            0.021787,                   0,            0.004192,            0.004192,            0.004192
                 178,            0.026168,           0.0079556,                   0,             0.82808,             0.78378,             0.86307,             0.39093,            0.042878,            0.022227,                   0,            0.004159,            0.004159,            0.004159
                 179,            0.025528,            0.007526,                   0,              0.8056,             0.78403,             0.85233,             0.39138,            0.042597,            0.022767,                   0,            0.004126,            0.004126,            0.004126
                 180,            0.025611,            0.007656,                   0,             0.87783,             0.77698,             0.86436,             0.39487,            0.042653,            0.022901,                   0,            0.004093,            0.004093,            0.004093
                 181,             0.02495,           0.0062811,                   0,             0.90217,             0.74794,             0.85951,             0.40858,             0.04361,            0.023038,                   0,             0.00406,             0.00406,             0.00406
                 182,             0.02474,           0.0077426,                   0,             0.87828,             0.83784,             0.86833,             0.40982,             0.04361,            0.022974,                   0,            0.004027,            0.004027,            0.004027
                 183,            0.025102,           0.0076382,                   0,             0.82483,             0.78378,             0.82243,             0.39308,             0.04425,            0.023197,                   0,            0.003994,            0.003994,            0.003994
                 184,            0.025486,           0.0076644,                   0,             0.88554,             0.83642,             0.85401,             0.41239,            0.043599,            0.022342,                   0,            0.003961,            0.003961,            0.003961
                 185,             0.02539,           0.0070716,                   0,             0.90683,             0.86486,             0.88277,             0.41697,            0.043705,            0.021988,                   0,            0.003928,            0.003928,            0.003928
                 186,            0.023264,           0.0082433,                   0,             0.86468,             0.86351,             0.87133,             0.42499,            0.042529,            0.021616,                   0,            0.003895,            0.003895,            0.003895
                 187,            0.025527,            0.007776,                   0,             0.87804,             0.81081,             0.85159,             0.41361,             0.04126,            0.021542,                   0,            0.003862,            0.003862,            0.003862
                 188,            0.024368,           0.0080039,                   0,              0.8813,              0.8028,             0.85388,             0.41308,            0.041986,            0.021689,                   0,            0.003829,            0.003829,            0.003829
                 189,            0.024107,           0.0082168,                   0,             0.88441,             0.83784,             0.86365,              0.4239,            0.041472,            0.021904,                   0,            0.003796,            0.003796,            0.003796
                 190,            0.023291,           0.0071566,                   0,             0.85682,             0.80874,             0.85198,             0.43727,            0.041146,            0.021644,                   0,            0.003763,            0.003763,            0.003763
                 191,            0.025031,           0.0075696,                   0,             0.87884,             0.81081,              0.8581,             0.42422,            0.041279,            0.022097,                   0,             0.00373,             0.00373,             0.00373
                 192,            0.024115,           0.0073629,                   0,             0.87898,             0.81081,             0.84957,             0.41891,            0.041401,            0.022741,                   0,            0.003697,            0.003697,            0.003697
                 193,            0.024209,           0.0078742,                   0,             0.90648,             0.83784,             0.87114,             0.43072,            0.041098,            0.022503,                   0,            0.003664,            0.003664,            0.003664
                 194,            0.022257,           0.0073415,                   0,             0.87601,             0.78378,             0.84353,             0.41692,            0.042338,            0.021905,                   0,            0.003631,            0.003631,            0.003631
                 195,            0.024201,           0.0083647,                   0,              0.9109,             0.86486,             0.88862,             0.41596,            0.042278,            0.021499,                   0,            0.003598,            0.003598,            0.003598
                 196,            0.024022,           0.0072047,                   0,             0.85214,             0.81081,             0.85469,             0.42677,              0.0416,            0.021415,                   0,            0.003565,            0.003565,            0.003565
                 197,            0.025743,           0.0076567,                   0,             0.91624,             0.88707,             0.89151,             0.44828,            0.041515,            0.021306,                   0,            0.003532,            0.003532,            0.003532
                 198,            0.022004,           0.0072239,                   0,             0.87782,             0.86486,             0.88311,             0.42019,            0.042093,              0.0219,                   0,            0.003499,            0.003499,            0.003499
                 199,            0.023435,           0.0076613,                   0,             0.88691,             0.86486,             0.87032,             0.42079,            0.042112,            0.022327,                   0,            0.003466,            0.003466,            0.003466
                 200,            0.023331,           0.0070453,                   0,             0.88524,             0.86486,             0.87995,             0.42222,            0.041965,            0.021914,                   0,            0.003433,            0.003433,            0.003433
                 201,            0.022978,           0.0071262,                   0,             0.88391,             0.86486,             0.87551,             0.42566,             0.04154,            0.021884,                   0,              0.0034,              0.0034,              0.0034
                 202,            0.022173,           0.0075143,                   0,             0.91543,             0.89189,             0.90733,              0.4382,            0.040482,            0.021923,                   0,            0.003367,            0.003367,            0.003367
                 203,            0.022829,           0.0080599,                   0,              0.8874,             0.89189,             0.91161,             0.42842,            0.040559,            0.022156,                   0,            0.003334,            0.003334,            0.003334
                 204,            0.022866,            0.006974,                   0,             0.85713,             0.83784,              0.8763,             0.42081,            0.041341,            0.022521,                   0,            0.003301,            0.003301,            0.003301
                 205,            0.023969,           0.0060483,                   0,             0.88514,             0.86486,             0.90166,             0.43197,            0.041203,            0.022619,                   0,            0.003268,            0.003268,            0.003268
                 206,             0.02312,           0.0072857,                   0,             0.82746,             0.81081,             0.85728,              0.4303,             0.04111,            0.022561,                   0,            0.003235,            0.003235,            0.003235
                 207,            0.022701,           0.0075515,                   0,             0.87655,             0.86486,             0.90231,             0.43943,            0.041276,            0.022476,                   0,            0.003202,            0.003202,            0.003202
                 208,            0.021715,           0.0067116,                   0,             0.88142,             0.80372,             0.86001,             0.42877,             0.04148,            0.022635,                   0,            0.003169,            0.003169,            0.003169
                 209,            0.022441,            0.006562,                   0,             0.88188,             0.80725,             0.84481,             0.41222,            0.041218,             0.02315,                   0,            0.003136,            0.003136,            0.003136
                 210,            0.022966,           0.0067577,                   0,              0.9101,             0.83784,             0.85638,             0.42559,             0.04071,            0.023595,                   0,            0.003103,            0.003103,            0.003103
                 211,            0.022537,           0.0072751,                   0,             0.87869,             0.81081,              0.8464,             0.42819,            0.041091,             0.02319,                   0,             0.00307,             0.00307,             0.00307
                 212,             0.02245,           0.0075869,                   0,             0.90689,             0.83784,             0.86454,             0.42429,            0.039699,            0.023087,                   0,            0.003037,            0.003037,            0.003037
                 213,            0.022533,           0.0069921,                   0,             0.90503,             0.83784,             0.87759,             0.43895,            0.039573,            0.022708,                   0,            0.003004,            0.003004,            0.003004
                 214,            0.022259,           0.0070274,                   0,             0.89127,             0.88631,             0.90974,             0.44146,            0.039042,            0.022333,                   0,            0.002971,            0.002971,            0.002971
                 215,             0.02288,           0.0076421,                   0,             0.94258,              0.8875,             0.92226,             0.44106,            0.039305,            0.022349,                   0,            0.002938,            0.002938,            0.002938
                 216,            0.022188,           0.0069129,                   0,             0.94265,             0.88863,             0.91851,             0.45197,            0.039344,            0.022463,                   0,            0.002905,            0.002905,            0.002905
